﻿<?xml version="1.0" encoding="utf-8"?>
<RbacEntitlements>
  <RbacEntitlementMenus>
    <RbacEntitlementMenu Name="File" Text="File" Visible="true" Enabled="true">
      <RbacEntitlementMenu Name="New" Text="New" Visible="true" Enabled="true">
        <RbacEntitlementMenu Name="Project" Text="Project" Visible="true" Enabled="true" />
        <RbacEntitlementMenu Name="WebSite" Text="Web Site" Visible="true" Enabled="true" />
        <RbacEntitlementMenu Name="TeamProject" Text="Team Project" Visible="true" Enabled="true" />
        <RbacEntitlementMenu Name="File" Text="File" Visible="true" Enabled="true" />
      </RbacEntitlementMenu>
    </RbacEntitlementMenu>
    <RbacEntitlementMenu Name="Edit" Text="Edit" Visible="true" Enabled="true">
      <RbacEntitlementMenu Name="Undo" Text="Undo" Visible="true" Enabled="true" />
      <RbacEntitlementMenu Name="Redo" Text="Redo" Visible="true" Enabled="true" />
      <RbacEntitlementMenu Name="Advanced" Text="Advanced" Visible="true" Enabled="true">
        <RbacEntitlementMenu Name="Format Document" Text="Format Document" Visible="true" Enabled="true" />
        <RbacEntitlementMenu Name="Format Section" Text="Format Section" Visible="true" Enabled="true" />
        <RbacEntitlementMenu Name="Tabify Selected Lines" Text="Tabify Selected Lines" Visible="true" Enabled="true" />        
      </RbacEntitlementMenu>
    </RbacEntitlementMenu>
  </RbacEntitlementMenus>
  <RbacEntitlementScreens>
    <RbacEntitlementScreen Name="Revenue" Text="Revenue" Visible="true" Enabled="true">
      <RbacEntitlementScreen Name="RevenueBox" Text="RevenueBox" Visible="true" Enabled="true">
        <RbacEntitlementScreen Name="ThisYearsRevenue" Text="ThisYearsRevenue" Visible="true" Enabled="false" />
        <RbacEntitlementScreen Name="LastYearsRevenue" Text="LastYearsRevenue" Visible="true" Enabled="false" />
      </RbacEntitlementScreen>
    </RbacEntitlementScreen>
    <RbacEntitlementScreen Name="Profit" Text="Profit" Visible="true" Enabled="true">
      <RbacEntitlementScreen Name="ProfitBox" Text="ProfitBox" Visible="true" Enabled="true">
        <RbacEntitlementScreen Name="ThisYearsProfit" Text="ThisYearsProfit" Visible="true" Enabled="false" />       
      </RbacEntitlementScreen>
    </RbacEntitlementScreen>
  </RbacEntitlementScreens>
</RbacEntitlements>
